{
  "prepare_queue": {
    "installed": [],
    "uninstalled": []
  },
  "config_munge": {
    "files": {
      "config.xml": {
        "parents": {
          "/*": [
            {
              "xml": "<feature name=\"Device\"><param name=\"browser-package\" value=\"Device\" /></feature>",
              "count": 1
            }
          ]
        }
      }
    }
  },
  "installed_plugins": {
    "cordova-plugin-whitelist": {
      "PACKAGE_NAME": "mt.edu.mcast.myplaces_mac"
    },
    "cordova-plugin-device": {
      "PACKAGE_NAME": "mt.edu.mcast.myplaces_mac"
    },
    "cordova-plugin-geolocation": {
      "GPS_REQUIRED": "true",
      "PACKAGE_NAME": "mt.edu.mcast.myplaces_mac"
    },
    "cordova-plugin-network-information": {
      "PACKAGE_NAME": "mt.edu.mcast.myplaces_mac"
    },
    "cordova-plugin-vibration": {
      "PACKAGE_NAME": "mt.edu.mcast.myplaces_mac"
    }
  },
  "dependent_plugins": {},
  "modules": [
    {
      "file": "plugins/cordova-plugin-device/www/device.js",
      "id": "cordova-plugin-device.device",
      "pluginId": "cordova-plugin-device",
      "clobbers": [
        "device"
      ]
    },
    {
      "file": "plugins/cordova-plugin-device/src/browser/DeviceProxy.js",
      "id": "cordova-plugin-device.DeviceProxy",
      "pluginId": "cordova-plugin-device",
      "runs": true
    },
    {
      "file": "plugins/cordova-plugin-network-information/www/network.js",
      "id": "cordova-plugin-network-information.network",
      "pluginId": "cordova-plugin-network-information",
      "clobbers": [
        "navigator.connection",
        "navigator.network.connection"
      ]
    },
    {
      "file": "plugins/cordova-plugin-network-information/www/Connection.js",
      "id": "cordova-plugin-network-information.Connection",
      "pluginId": "cordova-plugin-network-information",
      "clobbers": [
        "Connection"
      ]
    },
    {
      "file": "plugins/cordova-plugin-network-information/src/browser/network.js",
      "id": "cordova-plugin-network-information.NetworkInfoProxy",
      "pluginId": "cordova-plugin-network-information",
      "runs": true
    },
    {
      "file": "plugins/cordova-plugin-vibration/src/browser/Vibration.js",
      "id": "cordova-plugin-vibration.Vibration",
      "pluginId": "cordova-plugin-vibration",
      "merges": [
        "navigator"
      ]
    },
    {
      "file": "plugins/cordova-plugin-vibration/www/vibration.js",
      "id": "cordova-plugin-vibration.notification",
      "pluginId": "cordova-plugin-vibration",
      "merges": [
        "navigator"
      ]
    }
  ],
  "plugin_metadata": {
    "cordova-plugin-whitelist": "1.3.4",
    "cordova-plugin-device": "2.0.3",
    "cordova-plugin-geolocation": "4.1.0",
    "cordova-plugin-network-information": "2.0.2",
    "cordova-plugin-vibration": "3.1.1"
  }
}
