{
  "prepare_queue": {
    "installed": [],
    "uninstalled": []
  },
  "config_munge": {
    "files": {
      "res/xml/config.xml": {
        "parents": {
          "/*": [
            {
              "xml": "<feature name=\"Whitelist\"><param name=\"android-package\" value=\"org.apache.cordova.whitelist.WhitelistPlugin\" /><param name=\"onload\" value=\"true\" /></feature>",
              "count": 1
            },
            {
              "xml": "<feature name=\"Device\"><param name=\"android-package\" value=\"org.apache.cordova.device.Device\" /></feature>",
              "count": 1
            },
            {
              "xml": "<feature name=\"Geolocation\"><param name=\"android-package\" value=\"org.apache.cordova.geolocation.Geolocation\" /></feature>",
              "count": 1
            },
            {
              "xml": "<feature name=\"NetworkStatus\"><param name=\"android-package\" value=\"org.apache.cordova.networkinformation.NetworkManager\" /></feature>",
              "count": 1
            }
          ]
        }
      },
      "AndroidManifest.xml": {
        "parents": {
          "/*": [
            {
              "xml": "<uses-permission android:name=\"android.permission.ACCESS_COARSE_LOCATION\" />",
              "count": 1
            },
            {
              "xml": "<uses-permission android:name=\"android.permission.ACCESS_FINE_LOCATION\" />",
              "count": 1
            },
            {
              "xml": "<uses-feature android:name=\"android.hardware.location.gps\" android:required=\"true\" />",
              "count": 1
            },
            {
              "xml": "<uses-permission android:name=\"android.permission.ACCESS_NETWORK_STATE\" />",
              "count": 1
            }
          ],
          "/manifest": [
            {
              "xml": "<uses-permission android:name=\"android.permission.VIBRATE\" />",
              "count": 1
            }
          ]
        }
      }
    }
  },
  "installed_plugins": {
    "cordova-plugin-whitelist": {
      "PACKAGE_NAME": "mt.edu.mcast.myplaces_mac"
    },
    "cordova-plugin-device": {
      "PACKAGE_NAME": "mt.edu.mcast.myplaces_mac"
    },
    "cordova-plugin-geolocation": {
      "GPS_REQUIRED": "true",
      "PACKAGE_NAME": "mt.edu.mcast.myplaces_mac"
    },
    "cordova-plugin-network-information": {
      "PACKAGE_NAME": "mt.edu.mcast.myplaces_mac"
    },
    "cordova-plugin-vibration": {
      "PACKAGE_NAME": "mt.edu.mcast.myplaces_mac"
    }
  },
  "dependent_plugins": {},
  "modules": [
    {
      "id": "cordova-plugin-device.device",
      "file": "plugins/cordova-plugin-device/www/device.js",
      "pluginId": "cordova-plugin-device",
      "clobbers": [
        "device"
      ]
    },
    {
      "id": "cordova-plugin-geolocation.geolocation",
      "file": "plugins/cordova-plugin-geolocation/www/android/geolocation.js",
      "pluginId": "cordova-plugin-geolocation",
      "clobbers": [
        "navigator.geolocation"
      ]
    },
    {
      "id": "cordova-plugin-geolocation.PositionError",
      "file": "plugins/cordova-plugin-geolocation/www/PositionError.js",
      "pluginId": "cordova-plugin-geolocation",
      "runs": true
    },
    {
      "id": "cordova-plugin-network-information.network",
      "file": "plugins/cordova-plugin-network-information/www/network.js",
      "pluginId": "cordova-plugin-network-information",
      "clobbers": [
        "navigator.connection",
        "navigator.network.connection"
      ]
    },
    {
      "id": "cordova-plugin-network-information.Connection",
      "file": "plugins/cordova-plugin-network-information/www/Connection.js",
      "pluginId": "cordova-plugin-network-information",
      "clobbers": [
        "Connection"
      ]
    }
  ],
  "plugin_metadata": {
    "cordova-plugin-whitelist": "1.3.4",
    "cordova-plugin-device": "2.0.3",
    "cordova-plugin-geolocation": "4.1.0",
    "cordova-plugin-network-information": "2.0.2",
    "cordova-plugin-vibration": "3.1.1"
  }
}
